15684	Achlean Marshes
15681	Amaranthine Ruins
15674	Anise Avenue
15667	Eidergardens
15666,15668,15669,15670,15671,15673,15675,15676,15682,15683,15685,15687,15688,15690,15691,15692,15694,15695,15699	Exp Test Label
15662	Fainter's Fen
15664	Little Fading
15697	Midnight's Reside
15677	New Spite
15665	Picaroon Terminus
15689	Reach \nTransit Relay
15672	Steeping House
15686	The \nTartarean Roosts
15693	The Dregs
15696	The Gloomings
15680	The Languoriad
15679	The Ten Bells
15678	The Tumid Heart
15698	Umber Mire
